<?xml version="1.0" encoding="UTF-8" ?>
<!DOCTYPE mapper
	PUBLIC "-//mybatis.org//DTD Mapper 3.0//EN"
	"http://mybatis.org/dtd/mybatis-3-mapper.dtd">

<mapper namespace="mapper.goods">

	<resultMap id="goodsResult" type="goodsVO">
		<result property="goods_id" column="goods_id" />
		<result property="goods_title" column="goods_title" />
		<result property="goods_writer" column="goods_writer" />
		<result property="goods_price" column="goods_price" />
		<result property="goods_publisher" column="goods_publisher" />
		
		<result property="goods_status" column="goods_status" />
		<result property="goods_sales_price" column="goods_sales_price" />
		<result property="goods_published_date" column="goods_published_date" />
		<result property="goods_total_page" column="goods_total_page" />
		<result property="goods_isbn" column="goods_isbn" />
		<result property="goods_delivery_price" column="goods_delivery_price" />
		<result property="goods_delivery_date" column="goods_delivery_date" />
		
		<result property="goods_fileName" column="fileName" />
		<result property="goods_sort" column="goods_sort" />
		<result property="goods_writer_intro" column="goods_writer_intro" />
		<result property="goods_contents_order" column="goods_contents_order" />
		<result property="goods_intro" column="goods_intro" />
	</resultMap>	

	<resultMap id="imageResult" type="ImageFileVO">
	   <result property="goods_id" column="goods_id" />
	   <result property="fileName" column="fileName" />
	   <result property="reg_id" column="reg_id" />
	   <result property="image_id" column="image_id" />
	   <result property="fileType" column="fileType" />
	</resultMap>
	

	
   
      <select id="selectGoodsList" parameterType="String" resultMap="goodsResult"   >
        <![CDATA[
      select t.*
          from(
select g.*,d.fileName from t_shopping_goods as g, t_goods_detail_image as d
        where g.goods_id=d.goods_id 
        and d.filetype='main_image'
        and goods_status=#{goodsStatus}
            order by g.goods_entered_date desc) as t
where   rowNum() <16
	    ]]>
	</select>
	
	<select id="selectGoodsDetail" resultMap="goodsResult"   parameterType="String"  >
	    <![CDATA[
		     select t_shopping_goods.*, t_goods_detail_image.fileName from t_shopping_goods , t_goods_detail_image
where t_shopping_goods.goods_id=t_goods_detail_image.goods_id
and t_goods_detail_image.filetype='main_image'
and t_shopping_goods.goods_id=#{goods_id}
order by t_shopping_goods.goods_id
    	]]>
	</select>
	<select id="selectGoodsDetailImage" resultMap="imageResult"   parameterType="String"  >
	    <![CDATA[
		    	select * from  t_goods_detail_image 
		    	where  fileType!='main_image'
				and goods_id=#{goods_id}
    	]]>
	</select>
	
   <select id="selectGoodsBySearchWord" resultMap="goodsResult"   parameterType="String"  >
     <![CDATA[
	select t_shopping_goods.*, t_goods_detail_image.fileName from t_shopping_goods, t_goods_detail_image
where t_shopping_goods.goods_id=t_goods_detail_image.goods_id
and t_goods_detail_image.filetype='main_image'
and t_shopping_goods.goods_title like concat('%',#{searchWord},'%')
order by t_shopping_goods.goods_entered_date desc
		]]>
	</select>	
	
	<select id="selectKeywordSearch" resultType="String"   parameterType="String"  >
	    <![CDATA[
        select goods_title from t_shopping_goods 
        goods_title like  concat('%',#{keyword},'%')
        order by goods_entered_date desc
		]]>
	</select>
	

</mapper> 
